{
  "gl": {
    "P1": {
      "name": "P1",
      "lengthscale": 6.928203230275509,
      "w_mean": 2.9892836437554227,
      "w_ucb": 0.0,
      "w_local": 0.8911780829494662,
      "negloglik": 297.8117752260448,
      "n_steps": 151
    },
    "P2": {
      "name": "P2",
      "lengthscale": 6.928203230275509,
      "w_mean": 1.3328496936103256,
      "w_ucb": 0.0,
      "w_local": 1.3250422525234051,
      "negloglik": 209.51274584655263,
      "n_steps": 129
    },
    "P3": {
      "name": "P3",
      "lengthscale": 6.928203230275509,
      "w_mean": 3.5768938254869163,
      "w_ucb": 0.0,
      "w_local": 0.7616587415412359,
      "negloglik": 280.8942126108747,
      "n_steps": 131
    },
    "P4": {
      "name": "P4",
      "lengthscale": 6.928203230275509,
      "w_mean": 4.313575289130785,
      "w_ucb": 0.0,
      "w_local": 0.7967835829034728,
      "negloglik": 259.5064369462402,
      "n_steps": 134
    }
  },
  "g": {
    "P1": {
      "name": "P1",
      "lengthscale": 6.928203230275509,
      "w_mean": 2.641392054082316,
      "w_ucb": 0.0,
      "w_local": 0.0,
      "negloglik": 861.7207516614774,
      "n_steps": 151
    },
    "P2": {
      "name": "P2",
      "lengthscale": 6.928203230275509,
      "w_mean": -1.7877925877860337,
      "w_ucb": 0.0,
      "w_local": 0.0,
      "negloglik": 731.7126942817764,
      "n_steps": 129
    },
    "P3": {
      "name": "P3",
      "lengthscale": 6.928203230275509,
      "w_mean": 4.142349548490236,
      "w_ucb": 0.0,
      "w_local": 0.0,
      "negloglik": 652.1994242657372,
      "n_steps": 131
    },
    "P4": {
      "name": "P4",
      "lengthscale": 6.928203230275509,
      "w_mean": 4.892814808841459,
      "w_ucb": 0.0,
      "w_local": 0.0,
      "negloglik": 655.4873908101316,
      "n_steps": 134
    }
  },
  "l": {
    "P1": {
      "name": "P1",
      "w_local": 0.8310235950700564,
      "negloglik": 323.17209730490436,
      "n_steps": 151
    },
    "P2": {
      "name": "P2",
      "w_local": 1.283100711590264,
      "negloglik": 213.0644140765705,
      "n_steps": 129
    },
    "P3": {
      "name": "P3",
      "w_local": 0.7467128833305223,
      "negloglik": 313.4994436979321,
      "n_steps": 131
    },
    "P4": {
      "name": "P4",
      "w_local": 0.7478592033847602,
      "negloglik": 301.9922076104683,
      "n_steps": 134
    }
  },
  "glu": {
    "P1": null,
    "P2": null,
    "P3": null,
    "P4": null
  }
}